date,home_team,score,away_team
24-05-2025,Alaves,1 - 1,Osasuna
18-05-2025,Valladolid,0 - 1,Alaves
14-05-2025,Alaves,1 - 0,Valencia
11-05-2025,Ath Bilbao,1 - 0,Alaves
03-05-2025,Alaves,0 - 0,Ath Madrid
23-04-2025,Alaves,1 - 0,Sociedad
20-04-2025,Sevilla,1 - 1,Alaves
13-04-2025,Alaves,0 - 1,Real Madrid
05-04-2025,Girona,0 - 1,Alaves
29-03-2025,Alaves,0 - 2,Vallecano
14-03-2025,Las Palmas,2 - 2,Alaves
08-03-2025,Alaves,1 - 0,Villarreal
02-03-2025,Mallorca,1 - 1,Alaves
22-02-2025,Alaves,0 - 1,Espanol
15-02-2025,Leganes,3 - 3,Alaves
09-02-2025,Alaves,0 - 1,Getafe
02-02-2025,FC Barcelona,1 - 0,Alaves
27-01-2025,Alaves,1 - 1,Celta
18-01-2025,Betis,1 - 3,Alaves
11-01-2025,Alaves,0 - 1,Girona
22-12-2024,Valencia,2 - 2,Alaves
15-12-2024,Alaves,1 - 1,Ath Bilbao
08-12-2024,Osasuna,2 - 2,Alaves
30-11-2024,Alaves,1 - 1,Leganes
23-11-2024,Ath Madrid,2 - 1,Alaves
09-11-2024,Villarreal,3 - 0,Alaves
01-11-2024,Alaves,1 - 0,Mallorca
26-10-2024,Vallecano,1 - 0,Alaves
18-10-2024,Alaves,2 - 3,Valladolid
06-10-2024,Alaves,0 - 3,FC Barcelona
28-09-2024,Getafe,2 - 0,Alaves
24-09-2024,Real Madrid,3 - 2,Alaves
20-09-2024,Alaves,2 - 1,Sevilla
14-09-2024,Espanol,3 - 2,Alaves
01-09-2024,Alaves,2 - 0,Las Palmas
28-08-2024,Sociedad,1 - 2,Alaves
25-08-2024,Alaves,0 - 0,Betis
16-08-2024,Celta,2 - 1,Alaves
25-05-2025,Ath Bilbao,0 - 3,FC Barcelona
18-05-2025,Valencia,0 - 1,Ath Bilbao
15-05-2025,Getafe,0 - 2,Ath Bilbao
11-05-2025,Ath Bilbao,1 - 0,Alaves
04-05-2025,Sociedad,0 - 0,Ath Bilbao
23-04-2025,Ath Bilbao,1 - 0,Las Palmas
20-04-2025,Real Madrid,1 - 0,Ath Bilbao
13-04-2025,Ath Bilbao,3 - 1,Vallecano
06-04-2025,Villarreal,0 - 0,Ath Bilbao
30-03-2025,Ath Bilbao,0 - 0,Osasuna
16-03-2025,Sevilla,0 - 1,Ath Bilbao
09-03-2025,Ath Bilbao,1 - 1,Mallorca
01-03-2025,Ath Madrid,1 - 0,Ath Bilbao
23-02-2025,Ath Bilbao,7 - 1,Valladolid
16-02-2025,Espanol,1 - 1,Ath Bilbao
08-02-2025,Ath Bilbao,3 - 0,Girona
02-02-2025,Betis,2 - 2,Ath Bilbao
26-01-2025,Ath Bilbao,0 - 0,Leganes
19-01-2025,Celta,1 - 2,Ath Bilbao
21-12-2024,Osasuna,1 - 2,Ath Bilbao
15-12-2024,Alaves,1 - 1,Ath Bilbao
08-12-2024,Ath Bilbao,2 - 0,Villarreal
04-12-2024,Ath Bilbao,2 - 1,Real Madrid
01-12-2024,Vallecano,1 - 2,Ath Bilbao
24-11-2024,Ath Bilbao,1 - 0,Sociedad
10-11-2024,Valladolid,1 - 1,Ath Bilbao
03-11-2024,Ath Bilbao,1 - 1,Betis
28-10-2024,Mallorca,0 - 0,Ath Bilbao
19-10-2024,Ath Bilbao,4 - 1,Espanol
06-10-2024,Girona,2 - 1,Ath Bilbao
29-09-2024,Ath Bilbao,1 - 1,Sevilla
22-09-2024,Ath Bilbao,3 - 1,Celta
19-09-2024,Leganes,0 - 2,Ath Bilbao
15-09-2024,Las Palmas,2 - 3,Ath Bilbao
31-08-2024,Ath Bilbao,0 - 1,Ath Madrid
28-08-2024,Ath Bilbao,1 - 0,Valencia
24-08-2024,FC Barcelona,2 - 1,Ath Bilbao
15-08-2024,Ath Bilbao,1 - 1,Getafe
25-05-2025,Girona,0 - 4,Ath Madrid
18-05-2025,Ath Madrid,4 - 1,Betis
15-05-2025,Osasuna,2 - 0,Ath Madrid
10-05-2025,Ath Madrid,4 - 0,Sociedad
03-05-2025,Alaves,0 - 0,Ath Madrid
24-04-2025,Ath Madrid,3 - 0,Vallecano
19-04-2025,Las Palmas,1 - 0,Ath Madrid
14-04-2025,Ath Madrid,4 - 2,Valladolid
06-04-2025,Sevilla,1 - 2,Ath Madrid
29-03-2025,Espanol,1 - 1,Ath Madrid
16-03-2025,Ath Madrid,2 - 4,FC Barcelona
09-03-2025,Getafe,2 - 1,Ath Madrid
01-03-2025,Ath Madrid,1 - 0,Ath Bilbao
22-02-2025,Valencia,0 - 3,Ath Madrid
15-02-2025,Ath Madrid,1 - 1,Celta
08-02-2025,Real Madrid,1 - 1,Ath Madrid
01-02-2025,Ath Madrid,2 - 0,Mallorca
25-01-2025,Ath Madrid,1 - 1,Villarreal
18-01-2025,Leganes,1 - 0,Ath Madrid
12-01-2025,Ath Madrid,1 - 0,Osasuna
21-12-2024,FC Barcelona,1 - 2,Ath Madrid
15-12-2024,Ath Madrid,1 - 0,Getafe
08-12-2024,Ath Madrid,4 - 3,Sevilla
30-11-2024,Valladolid,0 - 5,Ath Madrid
23-11-2024,Ath Madrid,2 - 1,Alaves
10-11-2024,Mallorca,0 - 1,Ath Madrid
03-11-2024,Ath Madrid,2 - 0,Las Palmas
27-10-2024,Betis,1 - 0,Ath Madrid
20-10-2024,Ath Madrid,3 - 1,Leganes
06-10-2024,Sociedad,1 - 1,Ath Madrid
29-09-2024,Ath Madrid,1 - 1,Real Madrid
26-09-2024,Celta,0 - 1,Ath Madrid
22-09-2024,Vallecano,1 - 1,Ath Madrid
15-09-2024,Ath Madrid,3 - 0,Valencia
31-08-2024,Ath Bilbao,0 - 1,Ath Madrid
28-08-2024,Ath Madrid,0 - 0,Espanol
25-08-2024,Ath Madrid,3 - 0,Girona
19-08-2024,Villarreal,2 - 2,Ath Madrid
23-05-2025,Betis,1 - 1,Valencia
18-05-2025,Ath Madrid,4 - 1,Betis
15-05-2025,Vallecano,2 - 2,Betis
11-05-2025,Betis,1 - 1,Osasuna
04-05-2025,Espanol,1 - 2,Betis
24-04-2025,Betis,5 - 1,Valladolid
21-04-2025,Girona,1 - 3,Betis
13-04-2025,Betis,1 - 2,Villarreal
05-04-2025,FC Barcelona,1 - 1,Betis
30-03-2025,Betis,2 - 1,Sevilla
16-03-2025,Leganes,2 - 3,Betis
09-03-2025,Betis,1 - 0,Las Palmas
01-03-2025,Betis,2 - 1,Real Madrid
23-02-2025,Getafe,1 - 2,Betis
16-02-2025,Betis,3 - 0,Sociedad
08-02-2025,Celta,3 - 2,Betis
02-02-2025,Betis,2 - 2,Ath Bilbao
25-01-2025,Mallorca,0 - 1,Betis
18-01-2025,Betis,1 - 3,Alaves
11-01-2025,Valladolid,1 - 0,Betis
22-12-2024,Betis,1 - 1,Vallecano
15-12-2024,Villarreal,1 - 2,Betis
07-12-2024,Betis,2 - 2,FC Barcelona
01-12-2024,Sociedad,2 - 0,Betis
23-11-2024,Valencia,4 - 2,Betis
10-11-2024,Betis,2 - 2,Celta
03-11-2024,Ath Bilbao,1 - 1,Betis
27-10-2024,Betis,1 - 0,Ath Madrid
19-10-2024,Osasuna,1 - 2,Betis
06-10-2024,Sevilla,1 - 0,Betis
29-09-2024,Betis,1 - 0,Espanol
26-09-2024,Las Palmas,1 - 1,Betis
23-09-2024,Betis,1 - 2,Mallorca
18-09-2024,Betis,2 - 1,Getafe
13-09-2024,Betis,2 - 0,Leganes
01-09-2024,Real Madrid,2 - 0,Betis
25-08-2024,Alaves,0 - 0,Betis
15-08-2024,Betis,1 - 1,Girona
24-05-2025,Getafe,1 - 2,Celta
18-05-2025,Celta,1 - 2,Vallecano
13-05-2025,Sociedad,0 - 1,Celta
10-05-2025,Celta,3 - 2,Sevilla
04-05-2025,Real Madrid,3 - 2,Celta
23-04-2025,Celta,3 - 0,Villarreal
19-04-2025,FC Barcelona,4 - 3,Celta
12-04-2025,Celta,0 - 2,Espanol
05-04-2025,Mallorca,1 - 2,Celta
31-03-2025,Celta,1 - 1,Las Palmas
15-03-2025,Valladolid,0 - 1,Celta
08-03-2025,Celta,2 - 1,Leganes
01-03-2025,Girona,2 - 2,Celta
21-02-2025,Celta,1 - 0,Osasuna
15-02-2025,Ath Madrid,1 - 1,Celta
08-02-2025,Celta,3 - 2,Betis
02-02-2025,Valencia,2 - 1,Celta
27-01-2025,Alaves,1 - 1,Celta
19-01-2025,Celta,1 - 2,Ath Bilbao
10-01-2025,Vallecano,2 - 1,Celta
21-12-2024,Celta,2 - 0,Sociedad
14-12-2024,Sevilla,1 - 0,Celta
06-12-2024,Celta,2 - 0,Mallorca
30-11-2024,Espanol,3 - 1,Celta
23-11-2024,Celta,2 - 2,FC Barcelona
10-11-2024,Betis,2 - 2,Celta
04-11-2024,Celta,1 - 0,Getafe
27-10-2024,Leganes,3 - 0,Celta
19-10-2024,Celta,1 - 2,Real Madrid
05-10-2024,Las Palmas,0 - 1,Celta
29-09-2024,Celta,1 - 1,Girona
26-09-2024,Celta,0 - 1,Ath Madrid
22-09-2024,Ath Bilbao,3 - 1,Celta
15-09-2024,Celta,3 - 1,Valladolid
01-09-2024,Osasuna,3 - 2,Celta
26-08-2024,Villarreal,4 - 3,Celta
23-08-2024,Celta,3 - 1,Valencia
16-08-2024,Celta,2 - 1,Alaves
24-05-2025,Espanol,2 - 0,Las Palmas
18-05-2025,Osasuna,2 - 0,Espanol
15-05-2025,Espanol,0 - 2,FC Barcelona
11-05-2025,Leganes,3 - 2,Espanol
04-05-2025,Espanol,1 - 2,Betis
27-04-2025,Villarreal,1 - 0,Espanol
22-04-2025,Valencia,1 - 1,Espanol
18-04-2025,Espanol,1 - 0,Getafe
12-04-2025,Celta,0 - 2,Espanol
04-04-2025,Vallecano,0 - 4,Espanol
29-03-2025,Espanol,1 - 1,Ath Madrid
15-03-2025,Mallorca,2 - 1,Espanol
10-03-2025,Espanol,1 - 1,Girona
22-02-2025,Alaves,0 - 1,Espanol
16-02-2025,Espanol,1 - 1,Ath Bilbao
09-02-2025,Sociedad,2 - 1,Espanol
01-02-2025,Espanol,1 - 0,Real Madrid
25-01-2025,Sevilla,1 - 1,Espanol
17-01-2025,Espanol,2 - 1,Valladolid
11-01-2025,Espanol,1 - 1,Leganes
22-12-2024,Las Palmas,1 - 0,Espanol
18-12-2024,Espanol,1 - 1,Valencia
14-12-2024,Espanol,0 - 0,Osasuna
09-12-2024,Getafe,1 - 0,Espanol
30-11-2024,Espanol,3 - 1,Celta
23-11-2024,Girona,4 - 1,Espanol
03-11-2024,FC Barcelona,3 - 1,Espanol
25-10-2024,Espanol,0 - 2,Sevilla
19-10-2024,Ath Bilbao,4 - 1,Espanol
05-10-2024,Espanol,2 - 1,Mallorca
29-09-2024,Betis,1 - 0,Espanol
26-09-2024,Espanol,1 - 2,Villarreal
21-09-2024,Real Madrid,4 - 1,Espanol
14-09-2024,Espanol,3 - 2,Alaves
31-08-2024,Espanol,2 - 1,Vallecano
28-08-2024,Ath Madrid,0 - 0,Espanol
24-08-2024,Espanol,0 - 1,Sociedad
19-08-2024,Valladolid,1 - 0,Espanol
25-05-2025,Ath Bilbao,0 - 3,FC Barcelona
18-05-2025,FC Barcelona,2 - 3,Villarreal
15-05-2025,Espanol,0 - 2,FC Barcelona
11-05-2025,FC Barcelona,4 - 3,Real Madrid
03-05-2025,Valladolid,1 - 2,FC Barcelona
22-04-2025,FC Barcelona,1 - 0,Mallorca
19-04-2025,FC Barcelona,4 - 3,Celta
12-04-2025,Leganes,0 - 1,FC Barcelona
05-04-2025,FC Barcelona,1 - 1,Betis
30-03-2025,FC Barcelona,4 - 1,Girona
27-03-2025,FC Barcelona,3 - 0,Osasuna
16-03-2025,Ath Madrid,2 - 4,FC Barcelona
02-03-2025,FC Barcelona,4 - 0,Sociedad
22-02-2025,Las Palmas,0 - 2,FC Barcelona
17-02-2025,FC Barcelona,1 - 0,Vallecano
09-02-2025,Sevilla,1 - 4,FC Barcelona
02-02-2025,FC Barcelona,1 - 0,Alaves
26-01-2025,FC Barcelona,7 - 1,Valencia
18-01-2025,Getafe,1 - 1,FC Barcelona
21-12-2024,FC Barcelona,1 - 2,Ath Madrid
15-12-2024,FC Barcelona,0 - 1,Leganes
07-12-2024,Betis,2 - 2,FC Barcelona
03-12-2024,Mallorca,1 - 5,FC Barcelona
30-11-2024,FC Barcelona,1 - 2,Las Palmas
23-11-2024,Celta,2 - 2,FC Barcelona
10-11-2024,Sociedad,1 - 0,FC Barcelona
03-11-2024,FC Barcelona,3 - 1,Espanol
26-10-2024,Real Madrid,0 - 4,FC Barcelona
20-10-2024,FC Barcelona,5 - 1,Sevilla
06-10-2024,Alaves,0 - 3,FC Barcelona
28-09-2024,Osasuna,4 - 2,FC Barcelona
25-09-2024,FC Barcelona,1 - 0,Getafe
22-09-2024,Villarreal,1 - 5,FC Barcelona
15-09-2024,Girona,1 - 4,FC Barcelona
31-08-2024,FC Barcelona,7 - 0,Valladolid
27-08-2024,Vallecano,1 - 2,FC Barcelona
24-08-2024,FC Barcelona,2 - 1,Ath Bilbao
17-08-2024,Valencia,1 - 2,FC Barcelona
24-05-2025,Getafe,1 - 2,Celta
18-05-2025,Mallorca,1 - 2,Getafe
15-05-2025,Getafe,0 - 2,Ath Bilbao
10-05-2025,Valencia,3 - 0,Getafe
02-05-2025,Vallecano,1 - 0,Getafe
23-04-2025,Getafe,0 - 1,Real Madrid
18-04-2025,Espanol,1 - 0,Getafe
12-04-2025,Getafe,1 - 3,Las Palmas
06-04-2025,Valladolid,0 - 4,Getafe
30-03-2025,Getafe,1 - 2,Villarreal
16-03-2025,Osasuna,1 - 2,Getafe
09-03-2025,Getafe,2 - 1,Ath Madrid
02-03-2025,Leganes,1 - 0,Getafe
23-02-2025,Getafe,1 - 2,Betis
14-02-2025,Girona,1 - 2,Getafe
09-02-2025,Alaves,0 - 1,Getafe
01-02-2025,Getafe,0 - 0,Sevilla
26-01-2025,Sociedad,0 - 3,Getafe
18-01-2025,Getafe,1 - 1,FC Barcelona
12-01-2025,Las Palmas,1 - 2,Getafe
21-12-2024,Getafe,0 - 1,Mallorca
15-12-2024,Ath Madrid,1 - 0,Getafe
09-12-2024,Getafe,1 - 0,Espanol
01-12-2024,Real Madrid,2 - 0,Getafe
22-11-2024,Getafe,2 - 0,Valladolid
10-11-2024,Getafe,0 - 1,Girona
04-11-2024,Celta,1 - 0,Getafe
27-10-2024,Getafe,1 - 1,Valencia
20-10-2024,Villarreal,1 - 1,Getafe
05-10-2024,Getafe,1 - 1,Osasuna
28-09-2024,Getafe,2 - 0,Alaves
25-09-2024,FC Barcelona,1 - 0,Getafe
22-09-2024,Getafe,1 - 1,Leganes
18-09-2024,Betis,2 - 1,Getafe
14-09-2024,Sevilla,1 - 0,Getafe
01-09-2024,Getafe,0 - 0,Sociedad
24-08-2024,Getafe,0 - 0,Vallecano
15-08-2024,Ath Bilbao,1 - 1,Getafe
25-05-2025,Girona,0 - 4,Ath Madrid
18-05-2025,Sociedad,3 - 2,Girona
13-05-2025,Valladolid,0 - 1,Girona
10-05-2025,Girona,0 - 1,Villarreal
05-05-2025,Girona,1 - 0,Mallorca
24-04-2025,Leganes,1 - 1,Girona
21-04-2025,Girona,1 - 3,Betis
13-04-2025,Osasuna,2 - 1,Girona
05-04-2025,Girona,0 - 1,Alaves
30-03-2025,FC Barcelona,4 - 1,Girona
15-03-2025,Girona,1 - 1,Valencia
10-03-2025,Espanol,1 - 1,Girona
01-03-2025,Girona,2 - 2,Celta
23-02-2025,Real Madrid,2 - 0,Girona
14-02-2025,Girona,1 - 2,Getafe
08-02-2025,Ath Bilbao,3 - 0,Girona
03-02-2025,Girona,2 - 1,Las Palmas
26-01-2025,Vallecano,2 - 1,Girona
18-01-2025,Girona,1 - 2,Sevilla
11-01-2025,Alaves,0 - 1,Girona
20-12-2024,Girona,3 - 0,Valladolid
14-12-2024,Mallorca,2 - 1,Girona
07-12-2024,Girona,0 - 3,Real Madrid
01-12-2024,Villarreal,2 - 2,Girona
23-11-2024,Girona,4 - 1,Espanol
10-11-2024,Getafe,0 - 1,Girona
02-11-2024,Girona,4 - 3,Leganes
26-10-2024,Las Palmas,1 - 0,Girona
19-10-2024,Girona,0 - 1,Sociedad
06-10-2024,Girona,2 - 1,Ath Bilbao
29-09-2024,Celta,1 - 1,Girona
25-09-2024,Girona,0 - 0,Vallecano
21-09-2024,Valencia,2 - 0,Girona
15-09-2024,Girona,1 - 4,FC Barcelona
01-09-2024,Sevilla,0 - 2,Girona
29-08-2024,Girona,4 - 0,Osasuna
25-08-2024,Ath Madrid,3 - 0,Girona
15-08-2024,Betis,1 - 1,Girona
24-05-2025,Espanol,2 - 0,Las Palmas
18-05-2025,Las Palmas,0 - 1,Leganes
13-05-2025,Sevilla,1 - 0,Las Palmas
09-05-2025,Las Palmas,0 - 1,Vallecano
03-05-2025,Las Palmas,2 - 3,Valencia
23-04-2025,Ath Bilbao,1 - 0,Las Palmas
19-04-2025,Las Palmas,1 - 0,Ath Madrid
12-04-2025,Getafe,1 - 3,Las Palmas
06-04-2025,Las Palmas,1 - 3,Sociedad
31-03-2025,Celta,1 - 1,Las Palmas
14-03-2025,Las Palmas,2 - 2,Alaves
09-03-2025,Betis,1 - 0,Las Palmas
28-02-2025,Valladolid,1 - 1,Las Palmas
22-02-2025,Las Palmas,0 - 2,FC Barcelona
16-02-2025,Mallorca,3 - 1,Las Palmas
08-02-2025,Las Palmas,1 - 2,Villarreal
03-02-2025,Girona,2 - 1,Las Palmas
24-01-2025,Las Palmas,1 - 1,Osasuna
19-01-2025,Real Madrid,4 - 1,Las Palmas
12-01-2025,Las Palmas,1 - 2,Getafe
22-12-2024,Las Palmas,1 - 0,Espanol
15-12-2024,Sociedad,0 - 0,Las Palmas
07-12-2024,Las Palmas,2 - 1,Valladolid
30-11-2024,FC Barcelona,1 - 2,Las Palmas
23-11-2024,Las Palmas,2 - 3,Mallorca
08-11-2024,Vallecano,1 - 3,Las Palmas
03-11-2024,Ath Madrid,2 - 0,Las Palmas
26-10-2024,Las Palmas,1 - 0,Girona
21-10-2024,Valencia,2 - 3,Las Palmas
05-10-2024,Las Palmas,0 - 1,Celta
30-09-2024,Villarreal,3 - 1,Las Palmas
26-09-2024,Las Palmas,1 - 1,Betis
21-09-2024,Osasuna,2 - 1,Las Palmas
15-09-2024,Las Palmas,2 - 3,Ath Bilbao
01-09-2024,Alaves,2 - 0,Las Palmas
29-08-2024,Las Palmas,1 - 1,Real Madrid
25-08-2024,Leganes,2 - 1,Las Palmas
16-08-2024,Las Palmas,2 - 2,Sevilla
24-05-2025,Leganes,3 - 0,Valladolid
18-05-2025,Las Palmas,0 - 1,Leganes
14-05-2025,Villarreal,3 - 0,Leganes
11-05-2025,Leganes,3 - 2,Espanol
04-05-2025,Sevilla,2 - 2,Leganes
24-04-2025,Leganes,1 - 1,Girona
19-04-2025,Mallorca,0 - 0,Leganes
12-04-2025,Leganes,0 - 1,FC Barcelona
07-04-2025,Leganes,1 - 1,Osasuna
29-03-2025,Real Madrid,3 - 2,Leganes
16-03-2025,Leganes,2 - 3,Betis
08-03-2025,Celta,2 - 1,Leganes
02-03-2025,Leganes,1 - 0,Getafe
23-02-2025,Sociedad,3 - 0,Leganes
15-02-2025,Leganes,3 - 3,Alaves
09-02-2025,Valencia,2 - 0,Leganes
31-01-2025,Leganes,0 - 1,Vallecano
26-01-2025,Ath Bilbao,0 - 0,Leganes
18-01-2025,Leganes,1 - 0,Ath Madrid
11-01-2025,Espanol,1 - 1,Leganes
22-12-2024,Leganes,2 - 5,Villarreal
15-12-2024,FC Barcelona,0 - 1,Leganes
08-12-2024,Leganes,0 - 3,Sociedad
30-11-2024,Alaves,1 - 1,Leganes
24-11-2024,Leganes,0 - 3,Real Madrid
09-11-2024,Leganes,1 - 0,Sevilla
02-11-2024,Girona,4 - 3,Leganes
27-10-2024,Leganes,3 - 0,Celta
20-10-2024,Ath Madrid,3 - 1,Leganes
04-10-2024,Leganes,0 - 0,Valencia
28-09-2024,Vallecano,1 - 1,Leganes
22-09-2024,Getafe,1 - 1,Leganes
19-09-2024,Leganes,0 - 2,Ath Bilbao
13-09-2024,Betis,2 - 0,Leganes
31-08-2024,Leganes,0 - 1,Mallorca
28-08-2024,Valladolid,0 - 0,Leganes
25-08-2024,Leganes,2 - 1,Las Palmas
17-08-2024,Osasuna,1 - 1,Leganes
24-05-2025,Vallecano,0 - 0,Mallorca
18-05-2025,Mallorca,1 - 2,Getafe
14-05-2025,Real Madrid,2 - 1,Mallorca
10-05-2025,Mallorca,2 - 1,Valladolid
05-05-2025,Girona,1 - 0,Mallorca
22-04-2025,FC Barcelona,1 - 0,Mallorca
19-04-2025,Mallorca,0 - 0,Leganes
12-04-2025,Sociedad,0 - 2,Mallorca
05-04-2025,Mallorca,1 - 2,Celta
30-03-2025,Valencia,1 - 0,Mallorca
15-03-2025,Mallorca,2 - 1,Espanol
09-03-2025,Ath Bilbao,1 - 1,Mallorca
02-03-2025,Mallorca,1 - 1,Alaves
24-02-2025,Sevilla,1 - 1,Mallorca
16-02-2025,Mallorca,3 - 1,Las Palmas
10-02-2025,Mallorca,1 - 1,Osasuna
01-02-2025,Ath Madrid,2 - 0,Mallorca
25-01-2025,Mallorca,0 - 1,Betis
20-01-2025,Villarreal,4 - 0,Mallorca
21-12-2024,Getafe,0 - 1,Mallorca
14-12-2024,Mallorca,2 - 1,Girona
06-12-2024,Celta,2 - 0,Mallorca
03-12-2024,Mallorca,1 - 5,FC Barcelona
29-11-2024,Mallorca,2 - 1,Valencia
23-11-2024,Las Palmas,2 - 3,Mallorca
10-11-2024,Mallorca,0 - 1,Ath Madrid
01-11-2024,Alaves,1 - 0,Mallorca
28-10-2024,Mallorca,0 - 0,Ath Bilbao
20-10-2024,Mallorca,1 - 0,Vallecano
05-10-2024,Espanol,2 - 1,Mallorca
27-09-2024,Valladolid,1 - 2,Mallorca
23-09-2024,Betis,1 - 2,Mallorca
17-09-2024,Mallorca,1 - 0,Sociedad
14-09-2024,Mallorca,1 - 2,Villarreal
31-08-2024,Leganes,0 - 1,Mallorca
27-08-2024,Mallorca,0 - 0,Sevilla
24-08-2024,Osasuna,1 - 0,Mallorca
18-08-2024,Mallorca,1 - 1,Real Madrid
24-05-2025,Alaves,1 - 1,Osasuna
18-05-2025,Osasuna,2 - 0,Espanol
15-05-2025,Osasuna,2 - 0,Ath Madrid
11-05-2025,Betis,1 - 1,Osasuna
03-05-2025,Villarreal,4 - 2,Osasuna
24-04-2025,Osasuna,1 - 0,Sevilla
20-04-2025,Valladolid,2 - 3,Osasuna
13-04-2025,Osasuna,2 - 1,Girona
07-04-2025,Leganes,1 - 1,Osasuna
30-03-2025,Ath Bilbao,0 - 0,Osasuna
27-03-2025,FC Barcelona,3 - 0,Osasuna
16-03-2025,Osasuna,1 - 2,Getafe
02-03-2025,Osasuna,3 - 3,Valencia
21-02-2025,Celta,1 - 0,Osasuna
15-02-2025,Osasuna,1 - 1,Real Madrid
10-02-2025,Mallorca,1 - 1,Osasuna
02-02-2025,Osasuna,2 - 1,Sociedad
24-01-2025,Las Palmas,1 - 1,Osasuna
19-01-2025,Osasuna,1 - 1,Vallecano
12-01-2025,Ath Madrid,1 - 0,Osasuna
21-12-2024,Osasuna,1 - 2,Ath Bilbao
14-12-2024,Espanol,0 - 0,Osasuna
08-12-2024,Osasuna,2 - 2,Alaves
02-12-2024,Sevilla,1 - 1,Osasuna
24-11-2024,Osasuna,2 - 2,Villarreal
09-11-2024,Real Madrid,4 - 0,Osasuna
02-11-2024,Osasuna,1 - 0,Valladolid
27-10-2024,Sociedad,0 - 2,Osasuna
19-10-2024,Osasuna,1 - 2,Betis
05-10-2024,Getafe,1 - 1,Osasuna
28-09-2024,Osasuna,4 - 2,FC Barcelona
24-09-2024,Valencia,0 - 0,Osasuna
21-09-2024,Osasuna,2 - 1,Las Palmas
16-09-2024,Vallecano,3 - 1,Osasuna
01-09-2024,Osasuna,3 - 2,Celta
29-08-2024,Girona,4 - 0,Osasuna
24-08-2024,Osasuna,1 - 0,Mallorca
17-08-2024,Osasuna,1 - 1,Leganes
24-05-2025,Real Madrid,2 - 0,Sociedad
18-05-2025,Sevilla,0 - 2,Real Madrid
14-05-2025,Real Madrid,2 - 1,Mallorca
11-05-2025,FC Barcelona,4 - 3,Real Madrid
04-05-2025,Real Madrid,3 - 2,Celta
23-04-2025,Getafe,0 - 1,Real Madrid
20-04-2025,Real Madrid,1 - 0,Ath Bilbao
13-04-2025,Alaves,0 - 1,Real Madrid
05-04-2025,Real Madrid,1 - 2,Valencia
29-03-2025,Real Madrid,3 - 2,Leganes
15-03-2025,Villarreal,1 - 2,Real Madrid
09-03-2025,Real Madrid,2 - 1,Vallecano
01-03-2025,Betis,2 - 1,Real Madrid
23-02-2025,Real Madrid,2 - 0,Girona
15-02-2025,Osasuna,1 - 1,Real Madrid
08-02-2025,Real Madrid,1 - 1,Ath Madrid
01-02-2025,Espanol,1 - 0,Real Madrid
25-01-2025,Valladolid,0 - 3,Real Madrid
19-01-2025,Real Madrid,4 - 1,Las Palmas
03-01-2025,Valencia,1 - 2,Real Madrid
22-12-2024,Real Madrid,4 - 2,Sevilla
14-12-2024,Vallecano,3 - 3,Real Madrid
07-12-2024,Girona,0 - 3,Real Madrid
04-12-2024,Ath Bilbao,2 - 1,Real Madrid
01-12-2024,Real Madrid,2 - 0,Getafe
24-11-2024,Leganes,0 - 3,Real Madrid
09-11-2024,Real Madrid,4 - 0,Osasuna
26-10-2024,Real Madrid,0 - 4,FC Barcelona
19-10-2024,Celta,1 - 2,Real Madrid
05-10-2024,Real Madrid,2 - 0,Villarreal
29-09-2024,Ath Madrid,1 - 1,Real Madrid
24-09-2024,Real Madrid,3 - 2,Alaves
21-09-2024,Real Madrid,4 - 1,Espanol
14-09-2024,Sociedad,0 - 2,Real Madrid
01-09-2024,Real Madrid,2 - 0,Betis
29-08-2024,Las Palmas,1 - 1,Real Madrid
25-08-2024,Real Madrid,3 - 0,Valladolid
18-08-2024,Mallorca,1 - 1,Real Madrid
25-05-2025,Villarreal,4 - 2,Sevilla
18-05-2025,Sevilla,0 - 2,Real Madrid
13-05-2025,Sevilla,1 - 0,Las Palmas
10-05-2025,Celta,3 - 2,Sevilla
04-05-2025,Sevilla,2 - 2,Leganes
24-04-2025,Osasuna,1 - 0,Sevilla
20-04-2025,Sevilla,1 - 1,Alaves
11-04-2025,Valencia,1 - 0,Sevilla
06-04-2025,Sevilla,1 - 2,Ath Madrid
30-03-2025,Betis,2 - 1,Sevilla
16-03-2025,Sevilla,0 - 1,Ath Bilbao
09-03-2025,Sociedad,0 - 1,Sevilla
01-03-2025,Vallecano,1 - 1,Sevilla
24-02-2025,Sevilla,1 - 1,Mallorca
16-02-2025,Valladolid,0 - 4,Sevilla
09-02-2025,Sevilla,1 - 4,FC Barcelona
01-02-2025,Getafe,0 - 0,Sevilla
25-01-2025,Sevilla,1 - 1,Espanol
18-01-2025,Girona,1 - 2,Sevilla
11-01-2025,Sevilla,1 - 1,Valencia
22-12-2024,Real Madrid,4 - 2,Sevilla
14-12-2024,Sevilla,1 - 0,Celta
08-12-2024,Ath Madrid,4 - 3,Sevilla
02-12-2024,Sevilla,1 - 1,Osasuna
24-11-2024,Sevilla,1 - 0,Vallecano
09-11-2024,Leganes,1 - 0,Sevilla
03-11-2024,Sevilla,0 - 2,Sociedad
25-10-2024,Espanol,0 - 2,Sevilla
20-10-2024,FC Barcelona,5 - 1,Sevilla
06-10-2024,Sevilla,1 - 0,Betis
29-09-2024,Ath Bilbao,1 - 1,Sevilla
24-09-2024,Sevilla,2 - 1,Valladolid
20-09-2024,Alaves,2 - 1,Sevilla
14-09-2024,Sevilla,1 - 0,Getafe
01-09-2024,Sevilla,0 - 2,Girona
27-08-2024,Mallorca,0 - 0,Sevilla
23-08-2024,Sevilla,1 - 2,Villarreal
16-08-2024,Las Palmas,2 - 2,Sevilla
24-05-2025,Real Madrid,2 - 0,Sociedad
18-05-2025,Sociedad,3 - 2,Girona
13-05-2025,Sociedad,0 - 1,Celta
10-05-2025,Ath Madrid,4 - 0,Sociedad
04-05-2025,Sociedad,0 - 0,Ath Bilbao
23-04-2025,Alaves,1 - 0,Sociedad
20-04-2025,Villarreal,2 - 2,Sociedad
12-04-2025,Sociedad,0 - 2,Mallorca
06-04-2025,Las Palmas,1 - 3,Sociedad
29-03-2025,Sociedad,2 - 1,Valladolid
16-03-2025,Vallecano,2 - 2,Sociedad
09-03-2025,Sociedad,0 - 1,Sevilla
02-03-2025,FC Barcelona,4 - 0,Sociedad
23-02-2025,Sociedad,3 - 0,Leganes
16-02-2025,Betis,3 - 0,Sociedad
09-02-2025,Sociedad,2 - 1,Espanol
02-02-2025,Osasuna,2 - 1,Sociedad
26-01-2025,Sociedad,0 - 3,Getafe
19-01-2025,Valencia,1 - 0,Sociedad
13-01-2025,Sociedad,1 - 0,Villarreal
21-12-2024,Celta,2 - 0,Sociedad
15-12-2024,Sociedad,0 - 0,Las Palmas
08-12-2024,Leganes,0 - 3,Sociedad
01-12-2024,Sociedad,2 - 0,Betis
24-11-2024,Ath Bilbao,1 - 0,Sociedad
10-11-2024,Sociedad,1 - 0,FC Barcelona
03-11-2024,Sevilla,0 - 2,Sociedad
27-10-2024,Sociedad,0 - 2,Osasuna
19-10-2024,Girona,0 - 1,Sociedad
06-10-2024,Sociedad,1 - 1,Ath Madrid
28-09-2024,Sociedad,3 - 0,Valencia
21-09-2024,Valladolid,0 - 0,Sociedad
17-09-2024,Mallorca,1 - 0,Sociedad
14-09-2024,Sociedad,0 - 2,Real Madrid
01-09-2024,Getafe,0 - 0,Sociedad
28-08-2024,Sociedad,1 - 2,Alaves
24-08-2024,Espanol,0 - 1,Sociedad
18-08-2024,Sociedad,1 - 2,Vallecano
23-05-2025,Betis,1 - 1,Valencia
18-05-2025,Valencia,0 - 1,Ath Bilbao
14-05-2025,Alaves,1 - 0,Valencia
10-05-2025,Valencia,3 - 0,Getafe
03-05-2025,Las Palmas,2 - 3,Valencia
22-04-2025,Valencia,1 - 1,Espanol
19-04-2025,Vallecano,1 - 1,Valencia
11-04-2025,Valencia,1 - 0,Sevilla
05-04-2025,Real Madrid,1 - 2,Valencia
30-03-2025,Valencia,1 - 0,Mallorca
15-03-2025,Girona,1 - 1,Valencia
08-03-2025,Valencia,2 - 1,Valladolid
02-03-2025,Osasuna,3 - 3,Valencia
22-02-2025,Valencia,0 - 3,Ath Madrid
15-02-2025,Villarreal,1 - 1,Valencia
09-02-2025,Valencia,2 - 0,Leganes
02-02-2025,Valencia,2 - 1,Celta
26-01-2025,FC Barcelona,7 - 1,Valencia
19-01-2025,Valencia,1 - 0,Sociedad
11-01-2025,Sevilla,1 - 1,Valencia
03-01-2025,Valencia,1 - 2,Real Madrid
22-12-2024,Valencia,2 - 2,Alaves
18-12-2024,Espanol,1 - 1,Valencia
13-12-2024,Valladolid,1 - 0,Valencia
07-12-2024,Valencia,0 - 1,Vallecano
29-11-2024,Mallorca,2 - 1,Valencia
23-11-2024,Valencia,4 - 2,Betis
27-10-2024,Getafe,1 - 1,Valencia
21-10-2024,Valencia,2 - 3,Las Palmas
04-10-2024,Leganes,0 - 0,Valencia
28-09-2024,Sociedad,3 - 0,Valencia
24-09-2024,Valencia,0 - 0,Osasuna
21-09-2024,Valencia,2 - 0,Girona
15-09-2024,Ath Madrid,3 - 0,Valencia
31-08-2024,Valencia,1 - 1,Villarreal
28-08-2024,Ath Bilbao,1 - 0,Valencia
23-08-2024,Celta,3 - 1,Valencia
17-08-2024,Valencia,1 - 2,FC Barcelona
24-05-2025,Leganes,3 - 0,Valladolid
18-05-2025,Valladolid,0 - 1,Alaves
13-05-2025,Valladolid,0 - 1,Girona
10-05-2025,Mallorca,2 - 1,Valladolid
03-05-2025,Valladolid,1 - 2,FC Barcelona
24-04-2025,Betis,5 - 1,Valladolid
20-04-2025,Valladolid,2 - 3,Osasuna
14-04-2025,Ath Madrid,4 - 2,Valladolid
06-04-2025,Valladolid,0 - 4,Getafe
29-03-2025,Sociedad,2 - 1,Valladolid
15-03-2025,Valladolid,0 - 1,Celta
08-03-2025,Valencia,2 - 1,Valladolid
28-02-2025,Valladolid,1 - 1,Las Palmas
23-02-2025,Ath Bilbao,7 - 1,Valladolid
16-02-2025,Valladolid,0 - 4,Sevilla
07-02-2025,Vallecano,1 - 0,Valladolid
01-02-2025,Villarreal,5 - 1,Valladolid
25-01-2025,Valladolid,0 - 3,Real Madrid
17-01-2025,Espanol,2 - 1,Valladolid
11-01-2025,Valladolid,1 - 0,Betis
20-12-2024,Girona,3 - 0,Valladolid
13-12-2024,Valladolid,1 - 0,Valencia
07-12-2024,Las Palmas,2 - 1,Valladolid
30-11-2024,Valladolid,0 - 5,Ath Madrid
22-11-2024,Getafe,2 - 0,Valladolid
10-11-2024,Valladolid,1 - 1,Ath Bilbao
02-11-2024,Osasuna,1 - 0,Valladolid
26-10-2024,Valladolid,1 - 2,Villarreal
18-10-2024,Alaves,2 - 3,Valladolid
05-10-2024,Valladolid,1 - 2,Vallecano
27-09-2024,Valladolid,1 - 2,Mallorca
24-09-2024,Sevilla,2 - 1,Valladolid
21-09-2024,Valladolid,0 - 0,Sociedad
15-09-2024,Celta,3 - 1,Valladolid
31-08-2024,FC Barcelona,7 - 0,Valladolid
28-08-2024,Valladolid,0 - 0,Leganes
25-08-2024,Real Madrid,3 - 0,Valladolid
19-08-2024,Valladolid,1 - 0,Espanol
24-05-2025,Vallecano,0 - 0,Mallorca
18-05-2025,Celta,1 - 2,Vallecano
15-05-2025,Vallecano,2 - 2,Betis
09-05-2025,Las Palmas,0 - 1,Vallecano
02-05-2025,Vallecano,1 - 0,Getafe
24-04-2025,Ath Madrid,3 - 0,Vallecano
19-04-2025,Vallecano,1 - 1,Valencia
13-04-2025,Ath Bilbao,3 - 1,Vallecano
04-04-2025,Vallecano,0 - 4,Espanol
29-03-2025,Alaves,0 - 2,Vallecano
16-03-2025,Vallecano,2 - 2,Sociedad
09-03-2025,Real Madrid,2 - 1,Vallecano
01-03-2025,Vallecano,1 - 1,Sevilla
22-02-2025,Vallecano,0 - 1,Villarreal
17-02-2025,FC Barcelona,1 - 0,Vallecano
07-02-2025,Vallecano,1 - 0,Valladolid
31-01-2025,Leganes,0 - 1,Vallecano
26-01-2025,Vallecano,2 - 1,Girona
19-01-2025,Osasuna,1 - 1,Vallecano
10-01-2025,Vallecano,2 - 1,Celta
22-12-2024,Betis,1 - 1,Vallecano
18-12-2024,Villarreal,1 - 1,Vallecano
14-12-2024,Vallecano,3 - 3,Real Madrid
07-12-2024,Valencia,0 - 1,Vallecano
01-12-2024,Vallecano,1 - 2,Ath Bilbao
24-11-2024,Sevilla,1 - 0,Vallecano
08-11-2024,Vallecano,1 - 3,Las Palmas
26-10-2024,Vallecano,1 - 0,Alaves
20-10-2024,Mallorca,1 - 0,Vallecano
05-10-2024,Valladolid,1 - 2,Vallecano
28-09-2024,Vallecano,1 - 1,Leganes
25-09-2024,Girona,0 - 0,Vallecano
22-09-2024,Vallecano,1 - 1,Ath Madrid
16-09-2024,Vallecano,3 - 1,Osasuna
31-08-2024,Espanol,2 - 1,Vallecano
27-08-2024,Vallecano,1 - 2,FC Barcelona
24-08-2024,Getafe,0 - 0,Vallecano
18-08-2024,Sociedad,1 - 2,Vallecano
25-05-2025,Villarreal,4 - 2,Sevilla
18-05-2025,FC Barcelona,2 - 3,Villarreal
14-05-2025,Villarreal,3 - 0,Leganes
10-05-2025,Girona,0 - 1,Villarreal
03-05-2025,Villarreal,4 - 2,Osasuna
27-04-2025,Villarreal,1 - 0,Espanol
23-04-2025,Celta,3 - 0,Villarreal
20-04-2025,Villarreal,2 - 2,Sociedad
13-04-2025,Betis,1 - 2,Villarreal
06-04-2025,Villarreal,0 - 0,Ath Bilbao
30-03-2025,Getafe,1 - 2,Villarreal
15-03-2025,Villarreal,1 - 2,Real Madrid
08-03-2025,Alaves,1 - 0,Villarreal
22-02-2025,Vallecano,0 - 1,Villarreal
15-02-2025,Villarreal,1 - 1,Valencia
08-02-2025,Las Palmas,1 - 2,Villarreal
01-02-2025,Villarreal,5 - 1,Valladolid
25-01-2025,Ath Madrid,1 - 1,Villarreal
20-01-2025,Villarreal,4 - 0,Mallorca
13-01-2025,Sociedad,1 - 0,Villarreal
22-12-2024,Leganes,2 - 5,Villarreal
18-12-2024,Villarreal,1 - 1,Vallecano
15-12-2024,Villarreal,1 - 2,Betis
08-12-2024,Ath Bilbao,2 - 0,Villarreal
01-12-2024,Villarreal,2 - 2,Girona
24-11-2024,Osasuna,2 - 2,Villarreal
09-11-2024,Villarreal,3 - 0,Alaves
26-10-2024,Valladolid,1 - 2,Villarreal
20-10-2024,Villarreal,1 - 1,Getafe
05-10-2024,Real Madrid,2 - 0,Villarreal
30-09-2024,Villarreal,3 - 1,Las Palmas
26-09-2024,Espanol,1 - 2,Villarreal
22-09-2024,Villarreal,1 - 5,FC Barcelona
14-09-2024,Mallorca,1 - 2,Villarreal
31-08-2024,Valencia,1 - 1,Villarreal
26-08-2024,Villarreal,4 - 3,Celta
23-08-2024,Sevilla,1 - 2,Villarreal
19-08-2024,Villarreal,2 - 2,Ath Madrid
